image,defect,confidence,severity,on_seam,x1,y1,x2,y2
pipe_frame_01.jpg,pitted_surface,0.789,reject,True,2055,458,2242,643
pipe_frame_01.jpg,inclusion,0.778,reject,True,1487,450,1509,512
pipe_frame_01.jpg,inclusion,0.777,reject,False,1635,72,1670,208
pipe_frame_01.jpg,inclusion,0.729,reject,True,1510,482,1550,600
pipe_frame_01.jpg,inclusion,0.689,reject,False,1678,92,1707,155
pipe_frame_01.jpg,inclusion,0.678,reject,True,1467,557,1501,624
pipe_frame_01.jpg,patches,0.650,minor,True,2088,586,2120,640
pipe_frame_01.jpg,rolled-in_scale,0.634,minor,True,621,549,727,639
pipe_frame_01.jpg,pitted_surface,0.619,reject,False,279,255,392,432
pipe_frame_01.jpg,inclusion,0.590,reject,True,1440,466,1457,512
pipe_frame_01.jpg,inclusion,0.587,reject,False,1728,89,1751,164
pipe_frame_01.jpg,inclusion,0.442,reject,False,1666,203,1703,251
pipe_frame_01.jpg,inclusion,0.394,reject,True,1413,494,1431,551
pipe_frame_01.jpg,patches,0.315,minor,True,2056,501,2093,560
pipe_frame_01.jpg,rolled-in_scale,0.254,minor,False,645,446,727,483
pipe_frame_01.jpg,inclusion,0.151,reject,True,1415,577,1431,608
pipe_frame_01.jpg,patches,0.107,minor,True,2208,550,2241,560
pipe_frame_02.jpg,pitted_surface,0.912,reject,False,1281,234,1466,418
pipe_frame_02.jpg,scratches,0.700,minor,True,1689,491,1866,521
pipe_frame_02.jpg,scratches,0.676,minor,True,2057,503,2078,560
pipe_frame_02.jpg,scratches,0.631,minor,True,1685,436,1875,455
pipe_frame_02.jpg,scratches,0.236,minor,True,1982,447,1995,476
pipe_frame_03.jpg,patches,0.839,minor,False,223,1041,282,1080
pipe_frame_03.jpg,patches,0.830,minor,False,168,906,217,962
pipe_frame_03.jpg,patches,0.828,minor,False,168,1016,197,1063
pipe_frame_03.jpg,patches,0.806,minor,False,226,909,313,1028
pipe_frame_03.jpg,patches,0.606,minor,False,280,906,316,938
pipe_frame_03.jpg,rolled-in_scale,0.589,minor,False,2051,837,2145,1006
pipe_frame_03.jpg,rolled-in_scale,0.586,minor,False,884,917,939,962
pipe_frame_03.jpg,rolled-in_scale,0.452,minor,False,2120,840,2197,882
pipe_frame_03.jpg,pitted_surface,0.345,reject,True,880,466,1015,619
pipe_frame_03.jpg,rolled-in_scale,0.196,minor,False,873,1010,927,1069
pipe_frame_04.jpg,pitted_surface,0.910,reject,False,1126,963,1311,1152
pipe_frame_04.jpg,inclusion,0.730,reject,True,1510,665,1525,727
pipe_frame_04.jpg,inclusion,0.722,reject,True,1594,694,1610,725
pipe_frame_04.jpg,inclusion,0.716,reject,False,1594,732,1618,763
pipe_frame_04.jpg,crazing,0.380,reject,False,458,942,638,1063
pipe_frame_04.jpg,crazing,0.345,reject,False,457,1066,633,1124
pipe_frame_05.jpg,pitted_surface,0.779,reject,False,913,66,1091,251
pipe_frame_05.jpg,inclusion,0.774,reject,True,1111,620,1133,683
pipe_frame_05.jpg,inclusion,0.724,reject,False,1092,729,1125,796
pipe_frame_05.jpg,crazing,0.712,reject,False,1394,945,1568,1127
pipe_frame_05.jpg,inclusion,0.655,reject,True,1138,653,1174,774
pipe_frame_05.jpg,inclusion,0.653,reject,True,1064,637,1082,684
pipe_frame_05.jpg,inclusion,0.491,reject,True,1037,667,1055,722
pipe_frame_05.jpg,inclusion,0.231,reject,False,1040,750,1054,779
pipe_frame_05.jpg,crazing,0.107,reject,False,1396,955,1526,1007
